{
	"format_version": "1.8.0",
	"animations": {
		"rotate_head": {
			"animation_length": 2,
			"bones": {
				"head": {
					"rotation": {
						"0.0": {
							"post": [0, 0, 0],
							"lerp_mode": "catmullrom"
						},
						"2.0": {
							"post": [0, 360, 0],
							"lerp_mode": "catmullrom"
						}
					}
				}
			}
		},
		"move_legs": {
			"animation_length": 1.5,
			"bones": {
				"legs": {
					"position": {
						"0.0": [0, 0, 0],
						"0.5": [0, 0, -8],
						"1.0": [0, 0, 8],
						"1.5": [0, 0, 0]
					}
				}
			}
		},
		"pulse_nose": {
			"animation_length": 1,
			"bones": {
				"nose": {
					"scale": {
						"0.0": [1, 1, 1],
						"0.5": [2, 2, 2],
						"1.0": [1, 1, 1]
					}
				}
			}
		},
		"interp_tests": {
			"animation_length": 2,
			"bones": {
				"head": {
					"rotation": {
						"0.0": [0, 0, 0],
						"0.5": {
							"pre": [0, 90, 0],
							"post": [0, 90, 0],
							"lerp_mode": "catmullrom"
						},
						"0.5417": [0, 93.27645, 0],
						"0.5833": [0, 99.80752, 0],
						"0.625": [0, 107.7689, 0],
						"0.6667": [0, 116.50106, 0],
						"0.7083": [0, 125.65546, 0],
						"0.7917": [0, 144.34454, 0],
						"0.8333": [0, 153.49894, 0],
						"0.875": [0, 162.2311, 0],
						"0.9167": [0, 170.19248, 0],
						"0.9583": [0, 176.72355, 0],
						"1.0": [0, 180, 0],
						"1.0417": [0, 183.27645, 0],
						"1.0833": [0, 189.80752, 0],
						"1.125": [0, 197.7689, 0],
						"1.1667": [0, 206.50106, 0],
						"1.2083": [0, 215.65546, 0],
						"1.2917": [0, 234.34454, 0],
						"1.3333": [0, 243.49894, 0],
						"1.375": [0, 252.2311, 0],
						"1.4167": [0, 260.19248, 0],
						"1.4583": [0, 266.72355, 0],
						"1.5": [0, 270, 0],
						"2.0": {"pre": [0, 270, 0], "post": [0, 360, 0]}
					}
				}
			}
		}
	}
}